année;mois;énergie;kwh
2023;1;électricité;4150
2023;2;électricité;3980
2023;3;électricité;3 720
2023;4;électricité;3240
2023;5;électricité;3010
2023;6;électricité;2950
2023;7;électricité;3100
2023;8;électricité;2480
2023;9;électricité;3050
2023;10;électricité;3330
2023;11;électricité;3870
2023;12;électricité;4 210,5
2023;1;gaz;2600
2023;2;gaz;2350
2023;3;gaz;1900
2023;4;gaz;1200
2023;5;gaz;700
2023;6;gaz;450
2023;7;gaz;400
2023;8;gaz;300
2023;9;gaz;520
2023;10;gaz;1100
2023;11;gaz;1850
2023;12;gaz;2450
2019;janvier;électricité;4600
2019;février;électricité;4550
2019;mars;électricité;4480
